{"cameraMode":{"drawMode":0,"name":"Shaded","section":"Shading Mode"},"sceneLighting":true,"audioPlay":false,"sceneViewState":{"m_AlwaysRefresh":false,"showFog":true,"showSkybox":true,"showFlares":true,"showImageEffects":true,"showParticleSystems":true,"showVisualEffectGraphs":true,"m_FxEnabled":true},"in2DMode":false,"pivot":{"x":-7.901800632476807,"y":-16.372272491455079,"z":2.0433433055877687},"rotation":{"x":0.444110244512558,"y":-0.010487077757716179,"z":0.005198221188038588,"w":0.8959072828292847},"size":59.09663391113281,"orthographic":false}