{"cameraMode":{"drawMode":0,"name":"Shaded","section":"Shading Mode"},"sceneLighting":false,"audioPlay":false,"sceneViewState":{"m_AlwaysRefresh":false,"showFog":true,"showSkybox":false,"showFlares":true,"showImageEffects":true,"showParticleSystems":true,"showVisualEffectGraphs":true,"m_FxEnabled":true},"in2DMode":false,"pivot":{"x":0.5620936155319214,"y":0.13599729537963868,"z":0.5155841112136841},"rotation":{"x":0.06737568229436875,"y":-0.2123594433069229,"z":0.014677261002361775,"w":0.9747669696807861},"size":1.1785410642623902,"orthographic":false}